{"is_source_file": false, "format": "", "description": "", "external_files": [], "external_methods": [], "published": [], "classes": [], "methods": [], "calls": [], "search-terms": [], "state": 2, "file_id": 11, "knowledge_revision": 14, "git_revision": "0242ce998930fd9290e7f8751a38625aceab6a31", "hash": "6c2104b8d219ed99234ae2d6329f4357", "format-version": 4, "code-base-name": "frontend_app", "filename": "frontend_app/src/index.css", "revision_history": [{"14": "0242ce998930fd9290e7f8751a38625aceab6a31"}]}