{"is_source_file": true, "format": "JavaScript", "description": "This is the main entry point for a React application, initializing and rendering the root React component into the DOM.", "external_files": ["./index.css", "./App"], "external_methods": ["ReactDOM.createRoot", "root.render"], "published": [], "classes": [], "methods": [{"name": "ReactDOM.createRoot", "description": "Creates a React root for rendering the React component tree."}, {"name": "root.render", "description": "Render method to mount the React component inside the DOM element."}], "calls": ["ReactDOM.createRoot", "root.render"], "search-terms": ["React", "ReactDOM", "index.js", "main entry point", "render"], "state": 2, "file_id": 7, "knowledge_revision": 22, "git_revision": "0242ce998930fd9290e7f8751a38625aceab6a31", "ctags": [{"_type": "tag", "name": "root", "path": "/home/kavia/workspace/code-generation/gourmet-delivery-platform-217275-217285/frontend_app/src/index.js", "pattern": "/^const root = ReactDOM.createRoot(document.getElementById('root'));$/", "language": "JavaScript", "kind": "constant"}], "hash": "9fc5841375336fc175b49f8767a11383", "format-version": 4, "code-base-name": "frontend_app", "filename": "frontend_app/src/index.js", "revision_history": [{"22": "0242ce998930fd9290e7f8751a38625aceab6a31"}]}