{"is_source_file": false, "format": "", "description": "", "external_files": [], "external_methods": [], "published": [], "classes": [], "methods": [], "calls": [], "search-terms": [], "state": 2, "file_id": 12, "knowledge_revision": 15, "git_revision": "0242ce998930fd9290e7f8751a38625aceab6a31", "hash": "d2b40d02d5f7873d8a6713bad837edd4", "format-version": 4, "code-base-name": "frontend_app", "filename": "frontend_app/public/index.html", "revision_history": [{"15": "0242ce998930fd9290e7f8751a38625aceab6a31"}]}