{"is_source_file": true, "format": "JavaScript (ES Modules, .mjs)", "description": "ESLint configuration file written in ES Module syntax, configuring ESLint rules, parser options, global variables, and plugins for a JavaScript project.", "external_files": ["@eslint/js", "eslint-plugin-react"], "external_methods": ["pluginJs", "pluginReact"], "published": [], "classes": [], "methods": [{"name": "default", "description": "An array of ESLint configuration objects defining rules, parser options, globals, and plugins."}], "calls": ["pluginJs", "pluginReact"], "search-terms": ["eslint.config.mjs", "ESLint", "eslint-plugin-react", "parserOptions", "rules", "globals", "plugins"], "state": 2, "file_id": 14, "knowledge_revision": 21, "git_revision": "0242ce998930fd9290e7f8751a38625aceab6a31", "hash": "be6538e7523bc2e9da0743133d784136", "format-version": 4, "code-base-name": "frontend_app", "filename": "frontend_app/eslint.config.mjs", "revision_history": [{"21": "0242ce998930fd9290e7f8751a38625aceab6a31"}]}