{"is_source_file": false, "format": "", "description": "", "external_files": [], "external_methods": [], "published": [], "classes": [], "methods": [], "calls": [], "search-terms": [], "state": 2, "file_id": 13, "knowledge_revision": 16, "git_revision": "0242ce998930fd9290e7f8751a38625aceab6a31", "hash": "d9d975cebe2ec20b6c652e1e4c12ccf0", "format-version": 4, "code-base-name": "frontend_app", "filename": "frontend_app/public/manifest.json", "revision_history": [{"16": "0242ce998930fd9290e7f8751a38625aceab6a31"}]}