{"is_source_file": false, "format": "", "description": "", "external_files": [], "external_methods": [], "published": [], "classes": [], "methods": [], "calls": [], "search-terms": [], "state": 2, "file_id": 15, "knowledge_revision": 18, "git_revision": "0242ce998930fd9290e7f8751a38625aceab6a31", "hash": "d001d53c059625c4bcf75bf5a7f3fcf0", "format-version": 4, "code-base-name": "frontend_app", "filename": "frontend_app/package.json", "revision_history": [{"18": "0242ce998930fd9290e7f8751a38625aceab6a31"}]}