{"is_source_file": false, "format": "", "description": "", "external_files": [], "external_methods": [], "published": [], "classes": [], "methods": [], "calls": [], "search-terms": [], "state": 2, "file_id": 10, "knowledge_revision": 17, "git_revision": "0242ce998930fd9290e7f8751a38625aceab6a31", "hash": "22f9e17cc1848b56dbb244518ac2707e", "format-version": 4, "code-base-name": "frontend_app", "filename": "frontend_app/src/App.css", "revision_history": [{"17": "0242ce998930fd9290e7f8751a38625aceab6a31"}]}